{
  "0": {
    "precision": 0.8756641870350691,
    "recall": 0.9786223277909739,
    "f1-score": 0.9242849130678632,
    "support": 842.0
  },
  "1": {
    "precision": 0.9757738896366084,
    "recall": 0.8610451306413301,
    "f1-score": 0.9148264984227129,
    "support": 842.0
  },
  "accuracy": 0.919833729216152,
  "macro avg": {
    "precision": 0.9257190383358387,
    "recall": 0.919833729216152,
    "f1-score": 0.9195557057452881,
    "support": 1684.0
  },
  "weighted avg": {
    "precision": 0.9257190383358388,
    "recall": 0.919833729216152,
    "f1-score": 0.9195557057452881,
    "support": 1684.0
  }
}