,precision,recall,f1-score,support
0,0.8756641870350691,0.9786223277909739,0.9242849130678632,842.0
1,0.9757738896366084,0.8610451306413301,0.9148264984227129,842.0
accuracy,0.919833729216152,0.919833729216152,0.919833729216152,0.919833729216152
macro avg,0.9257190383358387,0.919833729216152,0.9195557057452881,1684.0
weighted avg,0.9257190383358388,0.919833729216152,0.9195557057452881,1684.0
