model,accuracy,precision,recall,f1,n_train,n_test
manual_svm,0.919833729216152,0.9757738896366084,0.8610451306413301,0.9148264984227129,6734,1684
